<?xml version="1.0" encoding="UTF-8"?>
<prompts>

	<useCase id="SFDescriptionGeneration">
		<prePrompt>You are a helpful aerospace safety engineer adhering to ARP4761 guidelines.</prePrompt>
		<getDescriptionPrompt>The aircraft function {{systemFunctionName}} is intended to</getDescriptionPrompt>
	</useCase>

	<useCase id="FCGeneration">
		<prePrompt>You are a helpful aerospace safety engineer adhering to ARP4761 guidelines.</prePrompt>
	
		<getFCPrompt>List the failure conditions for the function {{systemFunctionName}} in the context of total loss, partial loss, and malfunction, if applicable.
	        If none apply, output \"None\". Do not explain the consequences and reasons of the failure conditions and keep responses concise. 
	        In the case of a total loss provide just the total loss of the function.
	        Description of the function: {{systemFunctionDescription}}.
	        Total Loss: (The failure condition starts with \"Loss of\")
	        Partial Loss: (The failure conditions start with \"Loss of\")
	        Malfunction: (The failure conditions start with \"Erroneous\", \"Uncommanded\" or \"Misleading\")
        
    	</getFCPrompt>

		<adaptFCPrompt>Adapt it to JSON format, where the keys are Failure Type (Total loss, Partial Loss, Malfunction) and value is an array of strings with the failure conditions. 
        	Do not provide anything else than the following JSON:

    	</adaptFCPrompt>

		<getEffectsPrompt>Provide just the main repercussions and be as brief as possible. Do not output any additional comment just the repercussions.
	        Given function {{systemFunctionName}} , the description and the failure condition, obtain the repercussions to the aircraft, crew and passengers.
	        This failure condition could have repercussions on multiple fronts including aircraft, passengers, and crew.
	        Detail the consequences solely in terms of how they impact each of these entities individually, without intertwining their effects on one another.
	        Description of the function: {{systemFunctionDescription}}.
	        Failure Condition ({{failureTypeTypeLiteral}}): {{failureConditionName}}.
	        
	    </getEffectsPrompt>

		<adaptEffectsPrompt>Adapt it to JSON format, where the keys are Crew, Passengers and Aircraft.
	        Value is an array of strings with the effects. Do not provide anything else than the following JSON:
	
	    </adaptEffectsPrompt>
	</useCase>

</prompts>
